ID,ENGLISH,ITALIAN
Quest_1_1,The Tea Shop that Blew Up,Il Negozio di Tè che È Esploso
Quest_1_2,Your purpose on Tolstad is to investigate an exploded tea shop. Locate this establishment and gain entry.,Il tuo compito a Tolstad è indagare su un negozio di tè che è esploso. Trova questo luogo e cerca di entrare.
Quest_1_3,"The entrance to the tea shop has been shut by Coinlord Darrow. If you want to enter legally, you need his blessing.","L’ingresso del negozio di tè è stato chiuso dal Signore delle Monete Darrow. Se volete entrare legalmente, avete bisogno della sua autorizzazione."
Quest_1_4,You've managed to get inside the Tea Shop. Time to investigate!,Sei riuscito a entrare nel Negozio di Tè. È ora di indagare!
Quest_1_5,"Clue: You found a magic metal brooch in the ruins. It was half-melted. No normal fire could ever harm a magic item, even a minor one like this.","Indizio: Hai trovato un broccio di metallo magico tra le rovine. Era parzialmente fuso… Nessun fuoco normale potrebbe mai danneggiare un oggetto magico, nemmeno uno così semplice."
Quest_1_6,Clue: You found Kargameshian tea left in the ruined tea press. The state of the machine makes it clear someone was brewing at the time of the explosion.,Indizio: Hai trovato del tè Kargameshian lasciato all’interno della macchina da tè distrutta. Lo stato in cui si trova la macchina dimostra chiaramente che qualcuno stava preparando il tè al momento dell’esplosione.
Quest_1_7,"Clue: The iron door to the back office was blown open after its hinges melted. That means the explosion surely originated from the central chamber, and that it was extremely hot.","Indizio: La porta di ferro che conduceva all’ufficio interno è stata spalancata a causa del scioglimento delle sue serrature. Ciò significa che l’esplosione è sicuramente avvenuta nella camera centrale, e che le temperature lì presenti dovevano essere estremamente elevate."
Quest_1_8,"Clue: You found a copy of The Undercommon, a magical magazine infamous for its indestructible paper.","Indizio: Hai trovato un esemplare di “The Undercommon”, una rivista magica tristemente nota per la sua carta indestruttibile."
Quest_1_9,You found a corpse underneath the rubble. The corpse of an elf. You need to report this to Lady Sageleaf.,Hai trovato un cadavere sotto le macerie… Il cadavere di un elfo. Devi segnalarlo immediatamente a Lady Sageleaf.
Quest_1_10,"You convinced Lady Sageleaf that you're an idiot, thus allowing you to not contradict the city's official statement. On election day, you should speak with the Coinlord. He will be happy.","Hai convinto Lady Sageleaf che sei un idiota, il che ti ha permesso di non contraddire la dichiarazione ufficiale della città. Nel giorno delle elezioni, dovresti parlare con il Signore delle Monete… Sarà felice di farlo."
Quest_1_11,You gave Lady Sageleaf what she needed - evidence to contradict the city's official statement. You've picked a side. The HBT will surely be in your favor now.,Hai dato alla Signora Sageleaf ciò di cui aveva bisogno: prove che contraddicono la dichiarazione ufficiale della città. Hai scelto una parte… Ora l’HBT sicuramente sarà a tuo favore.
Quest_1_12,Now for the crucial part: finding the responsible party. Who brought this Necklace of Fireballs to Norvik? Who used it? And why? You have until the election to figure it out.,Ora arriva la parte cruciale: trovare la persona responsabile. Chi ha portato questo Collare di Palle di Fuoco a Norvik? Chi l’ha utilizzato? E perché? Avete fino all’elezione per scoprirlo.
Quest_2_1,Dragon of Tolstad,Drago di Tolstad
Quest_2_2,"You're here on request of Lady Sageleaf, a goblin chieftain in Tolstad. Go see her, right away. She's in the Goblin Garden, at the southern tip of Tolstad.","Si trovano qui su richiesta di Lady Sageleaf, una capo-goblin di Tolstad. Vai a trovarla immediatamente: si trova nel Giardino dei Goblin, all’estremità meridionale di Tolstad."
Quest_2_3,"You've spoken with Lady Miska Sageleaf and begun a joint operation with one of her pawns, a goblin named Snell. Let's hope he doesn't get in your way too much.","Avete parlato con Lady Miska Sageleaf e avviato un’operazione congiunta insieme a uno dei suoi “pedine”, un goblin di nome Snell. Speriamo solo che non vi crei troppi problemi…"
Quest_3_1,Coinlord's Meet,Incontro del Signore delle Monete
Quest_3_2,"You do not have permission to enter the Tea Shop. You need authorization from the Magistrate of Tolstad: Coinlord Darrow. You know his mansion can be found up the hill, on central Tolstad.","Non hai l’autorizzazione per entrare nel Negozio di Tè. Hai bisogno dell’approvazione del Magistrato di Tolstad: il Signore delle Monete Darrow. Sai che la sua residenza si trova in cima alla collina, nel centro di Tolstad."
Quest_3_3,The Magistrate wants to have a meet with you. But he is busy during the day. His doors will be open when it gets dark.,Il Magistrato vuole incontrarti. Ma è impegnato durante il giorno; le sue porte saranno aperte al calare della notte.
Quest_3_4,"You swore an oath to Coinlord Nicholas Darrow, in exchange for access to the tea shop. You serve your master well.",Hai giurato un patto con il Signore delle Monete Nicholas Darrow in cambio dell’accesso al negozio di tè. Servi il tuo padrone con grande diligenza.
Quest_3_5,"You refused to swear an oath to Coinlord Nicholas Darrow. He, in return, refused to give you access to the Tea Shop. You have to find another way in.","Hai rifiutato di giurare un patto davanti al Signore delle Monete Nicholas Darrow. In cambio, lui ha rifiutato di concederti l’accesso al Negozio di Tè. Devi trovare un altro modo per entrare."
Quest_3_6,"You managed to talk your way past the Coinlord, somehow. Now you've got access to the Tea Shop, and you didn't even have to agree to some sinister deal first. Nice!",In qualche modo sei riuscito a convincere il Signore delle Monete a lasciarti entrare nel Negozio di Tè… E senza nemmeno dover accettare alcun accordo losco! Ottimo!
Quest_3_7,"You missed your meeting with the Coinlord. Instead, you were given a message by the angel, Ettir.","Hai mancato l’incontro con il Signore delle Monete. Invece, l’angelo Ettir ti ha lasciato un messaggio."
Quest_4_1,Ruffled Feathers,Piume Scompigliate
Quest_4_2,The owner of the tea shop is unaccounted for. Locate this bird-man and find out what he knows.,Il proprietario del negozio di tè è scomparso senza lasciare traccia. Trovate quest’uomo-pássero e scoprite cosa sa.
Quest_4_3,The owner left his tea shop right before the explosion. He was last seen heading below.,Il proprietario aveva lasciato il suo negozio di tè poco prima dell’esplosione. È stato visto per l’ultima volta mentre si dirigeva verso il sottosuolo.
Quest_4_4,The owner of the tea shop was once drunkenly heard bragging about his secret escape plan: shipping himself in a crate to Reeds. You should check the warehouse on Waterlane View.,"Si diceva che il proprietario del negozio di tè, in uno stato di ebbrezza, avesse vantato di possedere un piano segreto per fuggire: spedirsi in una cassa fino a Reeds. Dovreste controllare il magazzino situato in Waterlane View."
Quest_4_5,"Drummer was hiding in a crate, set to be exported to Reeds. You found and interrogated him about his tea shop and his illegal smuggling operation. He told you there was a meeting planned between an information broker and a Freestrider right at the time of the explosion.","Drummer si nascondeva in una cassa, pronta per essere esportata a Reeds. L’hai trovato e interrogato riguardo al suo negozio di tè e alla sua attività di contrabbando illegale. Ti ha detto che, proprio al momento dell’esplosione, era previsto un incontro tra un intermediario informazioni e un Cavalcatore Libero."
Quest_4_6,"You let Drummer go, without taking his papers. Maybe he'll leave, or maybe he'll stay. Who knows?","Hai lasciato andare Drummer senza prendere i suoi documenti. Forse se ne andrà, forse resterà… Chi lo sa?"
Quest_4_7,"You took Drummer's papers, making sure he won't leave the city too easily. Maybe he'll slip away anyway, or maybe he'll stick around. Who knows?","Hai preso i documenti di Drummer, per assicurarti che non possa lasciare la città troppo facilmente. Forse se ne andrà lo stesso, o forse rimarrà… Chi lo sa?"
Quest_5_1,The Star Witness,Il Testimone Stellare
Quest_5_2,"A 'Frank son of Frank' was seen on Pillar Road at the time of the explosion, but calmly walked downstairs afterwards. Locate and question this strange man dressed in yellow. Frank son of Frank is often used as a fake name by rich adventurers around the Coast.","Al momento dell’esplosione, un individuo chiamato “Frank figlio di Frank” fu visto in Pillar Road, ma in seguito scese tranquillamente le scale. Trovate e interrogate quest’uomo strano vestito di giallo. “Frank figlio di Frank” è spesso utilizzato come nome falso da avventurieri ricchi della zona della Costa."
Quest_5_3,"A man dressed in yellow was seen by 'The Duck' in the City Below. This man passed by the entrance to the Crypt, heading into the Southern Caverns.","“The Duck” ha visto un uomo vestito di giallo nella Città Sotterranea. Quest’uomo è passato davanti all’ingresso della Cripta, dirigendosi verso le Caverne Meridionali."
Quest_5_4,"Arn, the kiosk kid, says a man in yellow was seen leaving the scene. He was heading down below. Also, he was interested in Freestrider-stuff...","Arn, il ragazzo del chiosco, dice che è stato visto un uomo in giallo allontanarsi dalla scena; stava dirigendosi verso il sottosuolo. Inoltre, sembrava interessato alle cose legate ai Cavalcatori Liberi…"
Quest_5_5,Moongore spotted a man in yellow heading through the City Below. He went through the South Caves.,Moongore notò un uomo in giallo che si dirigeva verso la Città Sotterranea; attraversò le Caverne del Sud.
Quest_5_6,"Kraaid had an encounter with a human in yellow, who was looking for a 'secret door' to 'further below'.","Kraaid ebbe un incontro con un uomo vestito di giallo, che cercava una “porta segreta” che conducesse “ancora più in basso”."
Quest_5_7,"Viira explained that a famous revolutionary, who is probably this man in yellow, is visiting Norvik during the election. She does not know where he is.","Viira spiegò che un famoso rivoluzionario, probabilmente quest’uomo in giallo, sarebbe venuto a Norvik durante le elezioni. Lei non sapeva dove si trovasse esattamente."
Quest_5_8,"You found Meriadoc Moonwatch at the lowest point of Jor's Pillar, and rescued him from the horrific troll.",Hai trovato Meriadoc Moonwatch nel punto più basso del Pilastro di Jor e l’hai salvato da quel terribile troll.
Quest_5_9,"Moments after the explosion, Meriadoc saw an invisible 'smoky man' rush across the Crossing and then 'enter' the Pillar of Jor. Due to his magical sight, he saw through the veil, and swears it must be a half-open Gate of Jor.","Pochi istanti dopo l’esplosione, Meriadoc vide un “uomo fumoso” invisibile attraversare di corsa il luogo in questione e poi “entrare” nel Pilastro di Jor. Grazie alla sua vista magica, riuscì a vedere attraverso quel velo e giurò che si trattasse sicuramente di un Portale di Jor semi-aperto."
Quest_6_1,Gate of Jor,Portale di Jor
Quest_6_2,"An invisible, 'smoking' man was seen entering the Pillar of Jor, right after the explosion. Now you need to figure out a way to follow. Seek the aid of some ancient powerful being that can help you.","È stato visto un uomo invisibile e “fumante” entrare nel Pilastro di Jor, subito dopo l’esplosione. Ora dovete trovare un modo per seguirlo… Chiedete l’aiuto di qualche antica e potente entità che possa aiutarvi."
Quest_6_3,"According to Visken you need to locate an Astral Projection spell scroll. If you do, he will cast it on you in order for you to enter the Pillar.","Secondo Visken, devi trovare un rotolo di incantesimo per la Proiezione Astrale. Se ci riuscirai, lui lo userà su di te affinché tu possa entrare nel Pilastro di Jor."
Quest_6_4,"You found a Scroll of Astral Projection and gave it to Visken. If you call for him, he will help you enter the Pillar when it is time.","Hai trovato un Rotolo di Proiezione Astrale e l’hai dato a Visken. Se lo chiamerai, ti aiuterà ad entrare nel Pilastro quando sarà il momento."
Quest_6_5,"Olzis suggested that you locate an emerald gemstone. If you do, she will turn it into a <i>Key of Jor</i>.","Olzis vi suggerisce di trovare una gemma di smeraldo. Se ci riuscite, lei la trasformerà in un <i>Chiave di Jor</i>."
Quest_6_6,"You gave the sphinx a gemstone, and she channeled some intense ancient magic into it. Now you have a Key of Jor that will allow you to enter the Pillar, alone or not.","Hai dato alla sfinge una gemma, e lei ne ha canalizzato al suo interno una potente magia antica. Ora possiedi la “Chiave di Jor”, che ti permetterà di entrare nel Pilastro, da solo o in compagnia di altri."
Quest_6_7,"Ever-Glad offered to guide you into the Pillar, if you accept his job offer.","Ever-Glad si offrirà di guidarti verso il Pilastro, se accetterai la sua proposta di lavoro."
Quest_6_8,"You accepted a job offer from the eldritch aberration, and in return he has given you a passphrase that will allow you to enter the Pillar, alone or not.","Hai accettato l’offerta di lavoro proposta da quell’aberrazione demoniaca, e in cambio ti ha fornito una parola d’accesso che ti permetterà di entrare nel Pilastro, da solo o in compagnia di altri."
Quest_6_9,You entered the Pillar alone.,Sei entrato nel Pilastro da solo.
Quest_6_10,"You entered the Pillar with Snell, but you seem to have lost him in the darkness.","Sei entrato nel Pilastro insieme a Snell, ma sembra che tu l’abbia perso nell’oscurità."
Quest_6_11,"You entered the Pillar with Snell and Ettir, but you seem to have lost them in the darkness.","Sei entrato nel Pilastro insieme a Snell ed Ettir, ma sembra che li abbia persi nell’oscurità."
Quest_7_1,Elven Connection,Connessione Elfica
Quest_7_2,You found an elven corpse under the tea shop rubble. It's been moved to the Lichhouse for safekeeping.,Hai trovato un cadavere di elfo tra le macerie del negozio di tè. È stato trasferito nella Casa dei Lich per essere custodito in sicurezza.
Quest_7_3,You used Speak with Dead on the dead elf. Some interesting information was collected. Now it's time to follow other leads. And maybe ask around...,Hai utilizzato la capacità “Parlare con i Morti” sull’elfo defunto; sono state raccolte alcune informazioni interessanti. Ora è il momento di seguire altre piste… E forse di fare qualche domanda in giro…
Quest_7_4,"Visken gave a post-mortem. The elf died from the fire, instantaneously.",Visken effettuò un’analisi post-mortem: l’elfo era morto immediatamente a causa dell’incendio.
Quest_7_5,Alfoz told you about his deal with Pinja. He claims to be innocent.,Alfoz vi ha parlato del suo accordo con Pinja. Afferma di essere innocente.
Quest_7_6,"Viira explained their deal with the elven broker. Lisa, a contractor, was sent to handle it.","Viira spiegò l’accordo che avevano stretto con il mercante elfo. Lisa, un’impresa individuale, era stata incaricata di gestirlo."
Quest_7_7,"An Illym Warden appeared in the night. He explained how the dead elf was a traitor, and he 'apologized' for the inconvenience she caused. You should check on the corpse.",Una Guardiana di Illym apparve nella notte. Spiegò come l’elfo morto fosse un traditore e si “scusò” per gli inconvenienti che aveva causato. Dovreste controllare il cadavere.
Quest_7_8,"According to Visken, the elf's corpse was taken by her kin. Whoever found out about her did not want anyone in Norvik to investigate further.","Secondo Visken, il corpo dell’elfo fu portato via dai suoi simili. Chiunque venisse a sapere della sua morte non voleva che qualcuno a Norvik proseguisse le indagini."
Quest_8_1,A Freelance Hag,Una strega freelance
Quest_8_2,"There was a meeting planned in the tea shop on the day of the explosion - a meeting with a <i>hag</i>. Locate her, and find out what she knows.",Quel giorno dell’esplosione era previsto un incontro nel negozio di tè: un incontro con una <i>strega</i>. Trovala e scopri cosa sa.
Quest_8_3,The hag known as 'Lisa' is a freelance worker for the Freestriders on Waterlane. Viira claims she does not know her location.,La strega conosciuta come “Lisa” lavora in modo freelance per i Cavalcatori Liberi di Waterlane. Viira afferma di non conoscere la sua vera ubicazione.
Quest_8_4,"You convinced Rixbiter to give you the password to her magic well, where the hag is supposed to hang out. It leads down to the City Below...","Hai convinto Rixbiter a darti la password del suo pozzo magico, dove si dice che viva quella strega. Quel pozzo conduce verso la Città Sotterranea…"
Quest_8_5,You found Lisa in the City Below. She claims to be innocent.,Hai trovato Lisa nella Città Sotterranea. Afferma di essere innocente.
Quest_8_6,Lisa didn't know too much about Drummer's operation. She does not believe he blew up his own tea shop. She does not know who did.,Lisa non sapeva molto riguardo alle attività di Drummer. Non credeva che fosse stato lui ad far esplodere il proprio negozio di tè; non sapeva nemmeno chi potesse esserne stato.
Quest_8_7,"The hag was a former friend of Pinja'Athena, and was supposed to meet with her on the day of the explosion. She claims the explosion occurred before she arrived.",Quella strega era un’ex amica di Pinja’Athena e doveva incontrarla il giorno dell’esplosione. Afferma che l’esplosione sia avvenuta prima del suo arrivo.
Quest_8_8,"The hag hid in the Below to avoid trouble after barely missing the explosion by accident. You can't arrest her either way, so it's time to look elsewhere.","La strega si nascose nella Città Sotterranea per evitare problemi, dopo essere scampata per un soffio all’esplosione per caso. In ogni caso, non è possibile arrestarla, quindi è arrivato il momento di cercare altrove."
Quest_9_1,Safe & Secure,Al sicuro e protetto.
Quest_9_2,"Drummer has a safe hidden in his office, in the back of the tea shop.","Drummer ha nascosto una cassaforte nel suo ufficio, nella parte posteriore del negozio di tè."
Quest_9_3,You got Drummer's safe open. Great job.,Hai aperto la cassaforte di Drummer… Ottimo lavoro.
Quest_10_1,Strings of Divination,Corde di Divinazione
Quest_10_2,Lisa wants you to prove your natural ability for divination magic. If you get her a 'maw pie' then she'll teach you a trick that could make it easier...,"Lisa vuole che tu dimostri le tue innate capacità nella magia divinatoria. Se le porti una “torta della voragine”, allora ti insegnerà un trucco che potrebbe semplificare le cose…"
Quest_10_3,You managed to procure the rare 'maw pie'. This should make Lisa happy.,Sei riuscito a procurarti la rara “torta della voragine”: questo dovrebbe rendere felice Lisa.
Quest_10_4,"You proved your natural talents for divination. The hag is somewhat impressed, and you got a nice spell out of it.","Hai dimostrato i tuoi talenti naturali nel divinare. La strega ne è piuttosto impressionata, e in cambio hai ottenuto una bellissima magia."
Quest_11_1,Finish the Quest,Completare la Missione.
Quest_11_2,"Talk with everyone you need to talk to. When you're done, head over to the ballot box with Snell. 

After so many Frays, isn't this a wonderful String to end on?","Parla con tutte le persone con cui devi parlare. Una volta finito, vai insieme a Snell alla cabina elettorale.

Dopo tante difficoltà, non è forse questa l’occasione perfetta per concludere tutto al meglio?"
Quest_11_3,"The coming days will be the most interesting days in the history of Norvik. Unfortunately for you, they'll be nothing but a flash. Depending on your choices you might end up in different positions here, at start of this ERA. But somehow, in your gut, you feel an ominous sense of reckoning. Will your EGO allow you to survive this new world?","I prossimi giorni saranno i più interessanti nella storia di Norvik. Purtroppo, per voi, non saranno altro che un istante fugace. A seconda delle vostre scelte, potreste trovarvi in posizioni diverse all’inizio di questa era. Ma, in qualche modo, dentro di voi percepite una sinistra sensazione di inevitabilità… Il vostro EGO vi permetterà di sopravvivere in questo nuovo mondo?"
Quest_14_1,Election Week,Settimana delle Elezioni
Quest_14_2,The first ever election in Norvikian history will take place in just a few days' time. What will you vote for?,La prima elezione nella storia di Norvik si terrà tra pochi giorni. Per cosa voterete?
Quest_14_3,You've shown your preference for the Party of Norvik $NATIONALIST times in the last few days. A true Urthguard veteran!,Negli ultimi giorni hai dimostrato più volte la tua preferenza per il Partito Nazionalista di Norvik… Un vero veterano delle Guardie di Urth!
Quest_14_4,"You've mentioned Freestrider talking points at least $FREESTRIDER times, as any modern man would.","Avete menzionato almeno $FREESTRIDER volte i discorsi tipici di un “Cavalcatore Libero”, proprio come farebbe qualsiasi uomo moderno."
Quest_14_5,You've talked about positive opinions on Azgalism about $AZGALIST times ever since waking up in the Lichhouse. Really brings you back.,"Hai parlato molte volte delle opinioni positive riguardo all’Azgalismo, da quando ti sei risvegliato nella Casa dei Lich. Questo ti riporta davvero indietro nel tempo…"
Quest_14_6,"Obviously, you're very clear about the fact that you should be the future god-wizard-king of Norvik. You've said so $ARCANIST times, in real conversations, with real people.","Ovviamente, sei assolutamente convinto di dover diventare il futuro re-stregone-dio di Norvik. L’hai detto molte volte, in conversazioni reali con persone reali."
Quest_14_7,"Politics isn't really for you. So you've said, $APOLITICAL times, whenever the topic comes up. Being apolitical sure is neat!","La politica non fa davvero per te… Ecco perché, ogni volta che si affronta l’argomento, dici sempre di essere “apolitico”. Essere apolitici, in effetti, è davvero una scelta comoda!"
Quest_14_8,"<i>Agrarian</i>.

It's in your blood. Dirt, mostly. You've expelled some of it during conversations $AGRARIAN times.","<“Agricolo”>.

È nel tuo sangue… soprattutto nella terra. Ne hai espulso una parte durante le conversazioni… in quei tempi “agricoli”."
Quest_14_9,"Now you know. You're ready.

Ready for ELECTION DAY.","Ora lo sai… Sei pronto.

Pronto per il GIORNO DELL’ELEZIONE."
Quest_45_1,Democratization,Democratizzazione
Quest_45_2,"The city is changing. As are you. You have always been volatile in your political views, but now it's time to choose, for real.

You have unlocked the ability to ask people what they are voting for. A deep urge inside of you is calling: you need to ask. You MUST ask. Over and over again. At least twenty times. Okay, ten.

You have currently asked people $DEM times.","La città sta cambiando… E lo stesso vale per te. Hai sempre avuto opinioni politiche instabili, ma ora è arrivato il momento di scegliere, davvero.

Hai ottenuto la possibilità di chiedere alle persone per cosa voteranno. Una forte urgenza dentro di te ti spinge a farlo… Devi chiedere, e ripetere il gesto almeno venti volte… Ok, dieci volte.

Fino ad ora, hai già chiesto alle persone… $DEM volte."
Quest_45_3,"You have successfully spread the IDEA of democracy, simply by asking people what they are voting for. Everyone is now better off, thanks to your extremely helpful behavior.

You are a real hero.","Hai diffuso con successo l’IDEA della democrazia, semplicemente chiedendo alle persone per cosa intendevano votare. Ora tutti stanno meglio, grazie al tuo comportamento estremamente utile.

Sei davvero un eroe."
Quest_15_1,Circle Square Conflict,Conflitto tra Circolo e Quadrato
Quest_15_2,An orc and a bunch of dwarves are in a deadlock. The dwarves want to hold a rally and the orc is sent to stop them.,Un orco e un gruppo di nani sono in una situazione di stallo. I nani vogliono tenere un raduno e l’orco è stato mandato per fermarli.
Quest_15_3,Alfoz says they have legal right to hold their rally.,Alfoz afferma che abbiano il diritto legale di tenere il loro raduno.
Quest_15_4,Viira claims the dwarves' legal documents are expired.,Viira afferma che i documenti legali dei nani siano scaduti.
Quest_15_5,"Alfoz ended up punching you, after which the dwarves tactfully retreated. You should speak with Viira.","Allfoz alla fine vi ha colpito con un pugno; dopo, i nani si sono ritirati in modo diplomatico. Dovreste parlare con Viira."
Quest_15_6,You convinced Alfoz to leave the (circle) square. You should speak with Viira.,Hai convinto Alfoz a lasciare quella piazza. Dovresti parlare con Viira.
Quest_15_7,You managed to get the Azgal dwarves to leave the Circle Square. But at what cost?,Sei riuscito a far lasciare i nani Azgal dalla Piazza del Cerchio… Ma a quale prezzo?
Quest_16_1,Young & Dumb,Giovani e Inesperti
Quest_16_2,"You hear there's going to be trouble down on Waterlane this evening, on your first day on Tolstad. You should check it out.","Hai sentito dire che stasera, nel quartiere di Waterlane, ci saranno dei problemi… È il tuo primo giorno a Tolstad: dovresti andare a vedere cosa sta succedendo."
Quest_16_3,"Some girl was delivering an Azgal magazine on Upper Tolstad. She seemed out of place, and talked about going down to Waterlane this evening.",Una ragazza stava consegnando una rivista “Azgal” a Upper Tolstad. Sembrava fuori luogo e parlava di voler andare a Waterlane quella sera.
Quest_16_4,You found a note about a 'Norvikian Resistance' meeting up on Waterlane this evening. Uh oh.,Hai trovato un biglietto che parla di un incontro della “Riserva Norvikiana” stasera a Waterlane… Uh oh.
Quest_16_5,You sided with Modissa and the Azgal Youth. They have a right to deliver their paper.,Hai scelto di schierarti con Modissa e la Gioventù di Azgal. Hanno il diritto di diffondere il loro messaggio.
Quest_16_6,You sided with Rollo and the Norvikian Resistance. They are serving their city's best interest.,Hai scelto di schierarti al fianco di Rollo e della Resistenza Norvicana. Loro agiscono nell’interesse supremo della loro città.
Quest_16_7,You managed to resolve the conflict between the Young Azgals and the Norvikian Resistance. Somewhat.,"Sei riuscito a risolvere, in parte, il conflitto tra i Giovani Azgals e la Resistenza Norvika."
Quest_17_1,Copper Press Fever,Febbre della Pressa di Rame
Quest_17_2,An Azgalist newspaper is being printed on Tolstad. You should find the location of this copper press and the name of the secret editor.,Su Tolstad viene stampato un giornale azgalista. Dovreste riuscire a individuare la location di questa tipografia in rame e il nome dell’editore segreto.
Quest_17_3,"The paper is being printed in an apartment at Pillar Crossing. Highly illegal. You can either help them, or report them to the Freestriders.",Il foglio viene stampato in un appartamento a Pillar Crossing. È assolutamente illegale. Puoi aiutarli o denunciarli ai Cavalcatori Liberi.
Quest_17_4,Modissa needs more ink in order to print full coverage of their election issue. She asked you to find 'Quillwell Cartridges' inside the 'Guild Warehouse' on 'Waterlane'.,"Modissa ha bisogno di più inchiostro per poter pubblicare un resoconto completo sull’elezione. Ti ha chiesto di trovare le “Cartucce per Pennini” all’interno del “Magazzino della Gilda”, situato in “Waterlane”."
Quest_17_5,You entered the Guild Warehouse and collected a 'Quillwells' cartridge of ink. Time to get it back to Modissa.,Sei entrato nel magazzino della Gilda e hai raccolto un cartuccio di inchiostro “Quillwells”. È ora di restituirlo a Modissa.
Quest_17_6,"You've convinced Modissa to tone down her article. The election issue will be a solid and normal Azgalist issue, focused on the election.","Avete convinto Modissa a moderare il suo articolo. La questione elettorale sarà trattata in modo serio e ordinario, secondo gli standard tipici di Azgalist, concentrandosi esclusivamente sull’argomento delle elezioni."
Quest_17_7,"Modissa says she'll tone down her article. How she does it, and if, remains to be seen.","Modissa dice che ridurrà il tono del suo articolo. Come farà, e se ci riuscirà, resterà da vedere."
Quest_17_8,"You've convinced Alfoz to sanction Modissa's article. The election issue will make a splash throughout the city, for good and bad.","Avete convinto Alfoz a approvare l’articolo di Modissa. La questione elettorale susciterà notevole scalpore in tutta la città, con conseguenze sia positive che negative."
Quest_17_9,The ink you gave Modissa will help them print even more copies of The Chant. Now they should have full coverage on their election issue.,L’inchiostro che avete fornito a Modissa li aiuterà a stampare ancora più copie di “The Chant”. Ora dovrebbero riuscire a coprire completamente l’argomento legato alle elezioni.
Quest_17_10,"You've reported the printer's location to Viira. They'll shut it down before the election issue can come out. Of course, the Azgalists won't know you're the one behind it...","Hai segnalato la posizione della stampante a Viira. La chiuderanno prima che la questione legata alle elezioni venga alla luce. Ovviamente, gli Azgalisti non sapranno che sei tu il responsabile…"
Quest_18_1,Norvikian Resistance,La Resistenza Norvikiana
Quest_18_2,You've heard of a secret society of 'pure' Nationalists who gather in the Rollermill. They must be very powerful.,Avrete sicuramente sentito parlare di una società segreta di nazionalisti “puri” che si riuniscono nel Rollermill… Devono essere molto potenti.
Quest_18_3,"Rollo and his friends meet up in the Rollermill. They want you to steal a document from the Freestriders, on behalf of their secret contact within the Resistance.","Rollo e i suoi amici si incontrano al Rollermill. Vogliono che tu rubi un documento dai Cavalcatori Liberi, per conto del loro contatto segreto all’interno della Resistenza."
Quest_18_4,"The Askanii-Reeds Trade Co. has apparently signed a contract with the city for exclusive land rights of every port. Including the entirety of Waterlane. In exchange, the Freestriders have funded several of the Magistrate's personal businesses. If this came out, it would cause havoc.","A quanto pare, la Askanii-Reeds Trade Co. ha firmato un contratto con la città che le conferisce i diritti esclusivi su tutti i porti, compresa l’intera zona di Waterlane. In cambio, i Cavalcatori Liberi hanno finanziato diverse attività personali del Magistrato. Se questa notizia venisse divulgata, causerebbe un grande scompiglio."
Quest_18_5,You gave the documents to Rollo. How this will impact the city is left undecided.,Hai consegnato i documenti a Rollo. L’impatto che questo avrà sulla città rimane ancora da determinare.
Quest_18_6,"You gave back the documents to the Agent Viira, letting her know about the plot against the Freestriders in the city.","Hai restituito i documenti all’Agente Viira, informandola sulla cospirazione contro i Cavalcatori Liberi nella città."
Quest_18_7,You made the boys leave the Rollermill. They won't be holding their meetings here any longer.,Hai fatto sì che quei ragazzi lasciassero il Rollermill… Non terranno più le loro riunioni qui.
Quest_19_1,Capital Dominion,Dominion Capitale
Quest_19_2,"Since you're a friend of the AR Trading Co., Viira offered you a gig: hand out AEFAs (Askanii Economic Freestrider Accord) to local entrepreneurs.","Poiché sei un amico della AR Trading Co., Viira ti ha offerto un incarico: distribuire gli AEFAs (Accordi Economici per i Cavalcatori Liberi di Askanii) agli imprenditori locali."
Quest_19_3,You handed an AEFA to Visken.,Hai consegnato un AEFA a Visken.
Quest_19_4,You handed an AEFA to the Potion Seller.,Hai consegnato un AEFA al Venditore di Pozioni.
Quest_19_5,You handed an AEFA to Rixbiter.,Hai consegnato un AEFA a Rixbiter.
Quest_19_6,You handed an AEFA to the Book Binder.,Hai consegnato un AEFA al Rilegatore di Libri.
Quest_19_7,You handed an AEFA to Thalassos.,Hai consegnato un AEFA a Thalassos.
Quest_19_8,You handed an AEFA to Oyu.,Hai consegnato un AEFA a Oyu.
Quest_19_9,"You had a lovely talk with the horrifying visage of the Golden Horde, Ambassador Ivcx.","Avete avuto una piacevole conversazione con quel volto orribile della Golden Horde, l’ambasciatore Ivcx."
Quest_19_10,"Viira was happy with your performance in that tense conversation, and offers you a future within the AR Trading Co.",Viira è stata soddisfatta della tua performance in quella conversazione tesa e ti offre una possibilità futura all’interno della AR Trading Co.
Quest_19_11,"Viira was furious with your behavior, and promised retaliation in the future. The Freestriders are not your friends anymore.",Viira era furiosa per il tuo comportamento e promise vendetta in futuro. I Cavalcatori Liberi non sono più tuoi amici.
Quest_19_12,"You stood up to Ivcx, while reinforcing the Freestriders claim on Norvik. Viira is extremely happy with your performance, and promises you a grand future within the Revolution.","Ti sei opposto a Ivcx, rafforzando al contempo le rivendicazioni dei Cavalcatori Liberi su Norvik. Viira è estremamente soddisfatta della tua performance e ti promette un futuro glorioso all’interno della Rivoluzione."
Quest_21_1,Milkurious,Milkurious
Quest_21_2,"Crown collection. Coin capture. Cash cidnapping. There are many ways to describe it.

<b>Get rich. Or die trying.</b> The only way to do it is obviously to get this milk delivery gig. Try checking around Waterlane in the morning...","Raccolta di corone… Cattura di monete… Rapimento di contanti… Ci sono molti modi per descriverlo.

<>Arricchisciti… O muori provandoci.</b> L’unico modo per riuscirci è ovviamente assumersi questo lavoro di consegna del latte. Prova a dare un’occhiata intorno a Waterlane la mattina…"
Quest_21_3,"Ost gave you five bottles of milk to sell to random people. After the election he expects you to return with 10,000 crowns- his recoup on this wonderful scheme. 

Clearly, this is the only way for you to get rich.","Ost ti ha dato cinque bottiglie di latte da vendere a persone a caso. Dopo l’elezione, si aspetta che tu torni con 10.000 corone: il suo guadagno da questo ottimo piano.  

Ovviamente, questa è l’unica maniera per arricchirsi."
Quest_21_4,You refused to sell the milk. It was clearly a scam.,Hai rifiutato di vendere il latte… Era chiaramente una truffa.
Quest_21_5,You did not manage to sell the five bottles of rotten milk for twenty thousand crowns. Ost was not shocked.,Non sei riuscito a vendere quelle cinque bottiglie di latte andato a male per ventimila corone. Ost non ne è rimasto sorpreso.
Quest_21_6,"You gave Ost 10,000 crowns on election day. He was shocked.",Gli hai dato 10.000 corone il giorno delle elezioni… Lui ne è rimasto scioccato.
Quest_22_1,Valkyrie,Valkyria
Quest_22_2,"Ettir, the angel working for Magistrate Darrow, is your roommate during this investigation. You find her elusive yet intriguing. Find out more by performing the most difficult of techniques: speaking with her.","Ettir, l’angelo al servizio del magistrato Darrow, sarà la tua compagna di stanza durante questa indagine. Ti sembra sfuggente, ma al contempo molto interessante… Scopri di più parlando con lei, la tecnica più difficile di tutte."
Quest_22_3,"You successfully got Ettir to open up to you. She is clearly a strange creature, living alone in a city that has no real place for her. She has offered to help you in your investigation, once you reach far below the city...","Sei riuscito con successo a far aprire Ettir con te. È chiaramente una creatura strana, che vive da sola in una città che non ha davvero posto per lei. Ti ha offerto di aiutarti nelle tue indagini, non appena sarai arrivato molto in profondità sotto la città…"
Quest_22_4,You met the angel in the City Below. Yet she will only join you once you've reached even further on your descent.,"Hai incontrato quell’angelo nella Città Sotterranea. Tuttavia, lei ti seguirà solo quando avrai proseguito ancora più a fondo nel tuo viaggio verso il basso."
Quest_22_5,Ettir joins your party while you are exploring this lowest level beneath the city.,Ettir si unisce al vostro gruppo mentre esplorate questo livello più basso situato sotto la città.
Quest_23_1,A Missing Paladin,Un Paladino Scomparso
Quest_23_2,"Lord Gorm of Norvik has gone missing. The legendary paladin is said to have disappeared far below the city... 

<b>Locate the Missing Paladin. It will make you a hero.</b>","Il lord Gorm di Norvik è scomparso. Si dice che questo leggendario paladino sia svanito molto in profondità sotto la città...

<b>Trova il paladino scomparso. Questo ti renderà un eroe.</b>"
Quest_23_3,"You located an official Paladin Sigil in the City Below. It appears high-ranking enough that it must have been Lord Gorm's. While you have not found a body, he is most likely lost to the dungeon.","Avete trovato un sigillo ufficiale dei Paladini nella Città Sotterranea. Sembra avere un rango abbastanza elevato da appartenere sicuramente a Lord Gorm. Anche se non avete trovato il suo corpo, è molto probabile che sia rimasto intrappolato nel dungeon."
Quest_23_4,You found Lord Gorm in the Beyond. But should you report this to Darrow? Only time will tell what the right choice is.,Hai trovato Lord Gorm nell’Al di Là. Ma dovresti riferirlo a Darrow? Solo il tempo dirà quale sia la scelta giusta.
Quest_24_1,Golden Line,Linea d’Oro
Quest_24_2,There's a geopolitical conflict going on in the Clanlands. The homeland of Askanii-native halflings has been cut in half - by the so-called <i>Golden Line</i>. Celestials hold the west. Maybe you should find out more?,Nelle Terre del Clan si sta svolgendo un conflitto geopolitico. La patria degli halfling nativi di Askanii è stata divisa a metà dalla cosiddetta <i>Linea d’Oro</i>. Gli esseri celesti controllano la parte occidentale… Forse dovresti scoprire di più?
Quest_24_3,Jehanne has family fighting on the Golden Line. They are starving.,Jehanne ha familiari che combattono lungo la Linea d’Oro… Stanno morendo di fame.
Quest_24_4,"Snurre is a member of the Harefoot Clan, and is distant cousin with Carrot.",Snurre appartiene alla Tribù dei Piedi di Coniglio ed è cugina lontana di Carrot.
Quest_24_5,"Oyu wants to support her kin in the Clanlands, as do many of Kargameshian descent.","Oyu vuole aiutare i suoi simili nelle Terre del Clan, proprio come fanno molti individui di discendenza Kargameshiana."
Quest_24_6,"Ivcx shared his knowledge of the Golden Line- how the truce will be upheld, and how the Horde is planning on taking over through more diplomatic means. But ultimately, the halflings will not be allowed autonomy.","Ivcx condivise la sua conoscenza riguardo alla “Linea d’Oro”: spiegò come sarebbe stata mantenuta la tregua e come la Orda intendesse assumere il controllo attraverso mezzi diplomatici. Tuttavia, in definitiva, ai mezzorazzi non sarebbe stata concessa alcuna autonomia."
Quest_25_1,Hammer & Zeal,Martello e Zelo
Quest_25_2,Rollo believes the information gathered from the Freestriders should be shared with the Azgals. He wants you to invite Modissa to a meeting.,Rollo ritiene che le informazioni raccolte dai Cavalcatori Liberi debbano essere condivise con gli Azgali. Vuole che tu inviti Modissa a una riunione.
Quest_25_3,"Modissa has accepted the invitation, and will show up at the rollermill with her squad. Get ready for a mess.",Modissa ha accettato l’invito e si presenterà alla mulina a rotelle insieme al suo gruppo. Preparatevi a una situazione un po’ caotica…
Quest_25_4,"Modissa and Rollo had a chat about the Freestrider contract. She is going to print an exposé in the election day issue of the Chant, then the other papers will get copies of the documents.","Modissa e Rollo discussero del contratto relativo al “Cavalcatore Libero”. Lei intende pubblicare un resoconto dettagliato nell’edizione del giorno delle elezioni di “Chant”; successivamente, anche gli altri giornali riceveranno copie di quei documenti."
Quest_25_5,Modissa and Rollo had a chat about the Freestrider contract. Together they will send out copies of the documents to all the major newspapers in the city.,Modissa e Rollo discussero dell’accordo relativo al “Cavalcatore Libero”. Insieme invieranno copie dei documenti a tutti i principali giornali della città.
Quest_30_1,Esoteric Ebb,Flusso Esoterico
Quest_30_2,"There's a rhythm to Jor's Realm, and you heard his voice. Find it at his closest Pillar. It reaches deep - investigate it on every level.","Il Regno di Jor segue un certo ritmo, e avete sentito la sua voce… Trovatela presso il suo Pilastro più vicino. Quel ritmo si estende in profondità: indagatene su ogni livello."
Quest_30_3,"You meditated with the Pillar of Jor, on Pillar Street.","Meditasti presso il Pilastro di Jor, in Pillar Street."
Quest_30_4,You spoke with the whispers on Pillar Crossing. They are ominous to say the least.,"Hai parlato con quelle voci sussurrate presso l’incrocio del Pilastro. A dir poco, sono inquietanti."
Quest_30_5,"You felt a connection with the voices inside the Pillar, down in the City Below. You saw something that shook you.","Sentiste un legame con quelle voci presenti all’interno del Pilastro, laggiù nella Città Sotterranea. Vedeste qualcosa che vi scosse profondamente."
Quest_30_6,"You investigated the bottom of the Pillar of Jor, as it disappears into the lush mounds of the Undersea Path.","Hai esaminato la base del Pilastro di Jor, dove esso scompare tra le lussureggianti colline del Sentiero Sottomarino."
Quest_30_7,"Despite its dormant nature, this Pillar of Jor is highly active inside. The souls of the dead flow through it. You hear them. 

For now, that is all you will learn.","Nonostante la sua apparenza inattiva, questo Pilastro di Jor è in realtà estremamente attivo all’interno. Le anime dei morti vi fluiscono attraverso; le si può sentire…

Per il momento, questo è tutto ciò che si può apprendere."
Quest_31_1,River Take Ye,Fiume Take Ye
Quest_31_2,You were brought to the lichhouse by some fishermen. But how did you survive your plunge into the river?,Sei stato portato nella dimora del lich da alcuni pescatori. Ma come hai fatto a sopravvivere alla caduta nel fiume?
Quest_31_3,The merman Thalassos was the one who rescued you from the river. But he says you were dead when he dropped you off at the Lichhouse.,È stato il tritone Thalassos a salvarti dal fiume. Ma dice che eri già morto quando ti ha lasciato alla Casa dei Licantropi.
Quest_31_4,You found the exact spot you fell into the river. The bike rack! Someone must have pushed you in.,Hai trovato esattamente il punto in cui sei caduto nel fiume: il portabici! Qualcuno deve averti spinto lì.
Quest_31_5,Visken was the one who brought you back - on behalf of Lady Sageleaf. But why?,"È stato Visken ad avervi riportato indietro, in nome di Lady Sageleaf… Ma perché?"
Quest_31_6,Lady Sageleaf heard of your demise and hired Visken to bring you back. Only because she did not want to wait for another cleric. Wow.,Lady Sageleaf ha saputo della tua morte e ha assunto Visken per farti tornare in vita. Solo perché non voleva aspettare un altro chierico… Wow.
Quest_31_7,"It was the teenage girl, Freydis. She killed you. And she found it very annoying that you came back from the dead. 

The whole ordeal is honestly highly embarrassing.","Era quella ragazza adolescente, Freydis… È stata lei a ucciderti… E le è sembrato davvero fastidioso che tu fossi tornato in vita.  

Onestamente, tutta questa situazione è estremamente imbarazzante…"
Quest_32_1,Lichhouse Blues,I Blues di Lichhouse
Quest_32_2,The pale man called Visken is very suspicious. Find out what's going on in his lichhouse.,L’uomo pallido di nome Visken è molto sospetto. Scoprite cosa sta succedendo nella sua dimora dei mostri.
Quest_32_3,The kobold security guard does milk runs to earn extra cash. But why?,Il guardiano di sicurezza kobold fa consegne di latte per guadagnare qualche soldo in più. Ma perché?
Quest_32_4,That dark knight appears to have some connection to Visken. He is very scary.,Quel cavaliere oscuro sembra avere qualche legame con Visken… È davvero spaventoso.
Quest_32_5,The mercenary Razz clearly works for Visken. Somehow.,Il mercenario Razz lavora chiaramente per Visken… in qualche modo.
Quest_32_6,The horrific crocolisk Kraaid seems to be working for Visken in some capacity. The pale man must be a strange fellow to have such friends...,"Quel terribile mostro chiamato Kraaid sembra lavorare per Visken, in qualche modo. Quell’uomo pallido deve essere davvero un individuo strano per avere amici del genere…"
Quest_32_7,You found out Visken is a powerful undead sorcerer. A <i>LICH</i>. But what can you do about it?,Hai scoperto che Visken è un potente stregone non morto… un <i>LICH</i>. Ma cosa puoi fare al riguardo?
Quest_32_8,"You've found several of Visken's 'Helpers' across Tolstad. And the pale man himself must be some type of evil mastermind. You must investigate further- and you have been given a hint: visit the lichhouse after midnight. <i>Alone</i>. It might end up rough, so make sure to prepare.","Avete trovato diversi dei “aiutanti” di Visken in tutto Tolstad. E quell’uomo pallido dev’essere sicuramente qualche tipo di malvagio architetto di questi complotti. Dovete indagare ulteriormente… e avete ricevuto un indizio: visitate la dimora del lich dopo mezzanotte… <solo> voi. Potrebbe rivelarsi pericoloso, quindi preparatevi bene."
Quest_32_9,You found Visken and his pawns having a little party at the lichhouse- and he offered you a dark bargain.,Hai trovato Visken e i suoi scagnozzi mentre festeggiavano nella dimora del lich… e lui ti ha offerto un patto oscuro.
Quest_33_1,Cult Hit,Colpo Culturale
Quest_33_2,"An assassin came for your life. You survived, but the attacker got away. With no clues to go on other than an esoteric mask, you must be ready for them to return at any time.","Un assassino è venuto a ucciderti. Sei sopravvissuto, ma l’attaccante è riuscito a fuggire. Non avendo alcuna pista, se non quella di una maschera enigmatica, devi essere pronto al suo ritorno in qualsiasi momento."
Quest_33_3,"Walking alone at night, a masked assassin came for you. Whoever it was, it sure looks culty. Since they were clearly waiting until you were alone, this is absolutely someone trying to kill you in particular.","Mentre camminavi da solo di notte, un assassino mascherato ti ha attaccato. Chiunque fosse, sembrava appartenere a una setta o a un gruppo misterioso. Visto che ti aspettava proprio quando eri solo, è evidente che volesse ucciderti esclusivamente tu."
Quest_33_4,"You ran into the assassin in the City Below. The masked attacker seems to have been guarding a specific secret path, leading far down...",Siete incappati nell’assassino nella Città Sotterranea. Quell’attaccante mascherato sembrava sorvegliare un percorso segreto che conduceva molto lontano…
Quest_33_5,"You tracked down the assassin all the way to the Old Prison, far beneath the city. The attacker turned out to be Freydis, the daughter of Coinlord Darrow. So you had no choice but to let her go. Now to meet her patron...","Hai rintracciato l’assassina fino alla Vecchia Prigione, situata molto in profondità sotto la città. L’attaccante era in realtà Freydis, la figlia del Signore delle Monete Darrow… Quindi non hai avuto altra scelta se non lasciarla andare. Ora devi incontrare il suo protettore…"
Quest_33_6,"Delving ever deeper, you encountered a Trifler in his lair. You had a chat with him, and it appears he was the one behind the attacks- but that it's all water under the bridge now.

What are you going to do? Arrest it?","Proseguendo sempre più in profondità, avete incontrato un individuo chiamato Trifler nella sua tana. Avete parlato con lui, e sembra che fosse lui il responsabile di quegli attacchi… ma ormai è tutto acqua passata.

Cosa farai? Lo arresterai?"
Quest_34_1,Class Conflict,Conflitto di Classe
Quest_34_2,"You're very opinionated. Now it's time to choose a path.

<i>Cleric. Rogue. Wizard.</i> Or something else?","Sei molto testardo… Ora è il momento di scegliere una strada da percorrere.

<Chierico. Ladro. Mago…> O qualcos’altro?"
Quest_34_3,"You've declared yourself <b>The Cleric</b> of Norvik $CLERIC times. It's a grand title, suitable for a true human cleric like yourself.","Ti sei dichiarato <b>Il Chierico</b> di Norvik per $CLERIC volte. È un titolo maestoso, adatto a un vero chierico umano come te."
Quest_34_4,You have made it clear $ROGUE times now - you're a dick-ass rogue! And nobody can stop you from being the coolest sneaker on Tolstad.,Ora è chiaro che si tratta di tempi davvero “disperati”… Sei proprio un bastardo di un ladro! E nessuno può impedirti di essere il ladro più spietato e affascinante di Tolstad.
Quest_34_5,"As of now, you have said, $WIZARD times, that you are a wizard. Which you are. Despite the getup, your true talent lies within the Arcane. Obviously.","Fino ad ora, hai dichiarato, più e più volte, di essere un mago… E lo sei davvero. Nonostante quell’aspetto esteriore, il tuo vero talento risiede nell’uso delle arti magiche… Ovviamente."
Quest_34_6,"After showing your Primal attunement, you're now ready to call yourself an aspiring Druid. Time will tell if this path is in any way interesting to you... by telling folk about it, $DRUID_Choice times.","Dopo aver dimostrato la tua sintonia primordiale, sei ora pronto a definirti un druido aspirante. Solo il tempo dirà se questo percorso sarà davvero interessante per te… raccontandone alle persone, ovviamente, $DRUID_Choice volte."
Quest_34_7,"You've declared yourself to be a Bard. A dancing bard, supposedly. Considering your track record, you might just end up turning this into a legitimate side-thing. So far, you've told people $BARD_Choice times.","Hai dichiarato di essere un bardo… Un bardo che danza, si suppone. Considerando il tuo passato, potresti anche riuscire a trasformare questa attività in una vera e propria attività secondaria. Finora, hai raccontato questa storia a molte persone… $BARD_Choice volte, per l’esattezza."
Quest_34_8,"You survived eating the Slogdog, thus learning the ways of the primal warrior. One filled with rage and unprocessed meats. Hence, you're basically already a Barbarian of Askanii. Congratulations. You've spread the word about it, $BARB_Choice times.","Sei sopravvissuto mangiando il Slogdog, imparando così i metodi del guerriero primitivo… un guerriero pieno di rabbia e carne non elaborata. Pertanto, sei praticamente già un Barbaro di Askanii. Congratulazioni! Hai diffuso la notizia… $BARB_Choice volte."
Quest_34_9,You have found yourself. Congratulations.,Ti sei ritrovato qui… Congratulazioni.
Quest_35_1,Phoenix Folio,Foglio della Fenice
Quest_35_2,"After your river adventure, your old spellbook is ruined! Find a service provider who can rebind it for you.

<b>Fix your ruined spellbook, damn it!</b>","Dopo la tua avventura sul fiume, il tuo vecchio libro di incantesimi è andato distrutto! Trova qualcuno che possa rileggerlo per te.

<>Ripara quel maledetto libro di incantesimi distrutto, per favore!></b>"
Quest_35_3,"You found a bookbinder on Waterlane View. He'll fix your prayer book, but you'll have to pay 250 crowns for the job. And it'll take him till the next morning. Or rather, afternoon, since he's an owl. They seem to be nocturnal. Or maybe it's a bookbinder thing. Don't be judgmental.","Hai trovato un rilegatore a Waterlane View. Lui riparerà il tuo libro delle preghiere, ma dovrai pagare 250 corone per il lavoro. Inoltre, ci vorrà fino al mattino seguente… O meglio, al pomeriggio, visto che è un gufo: sembrano essere animali notturni. O forse è una caratteristica tipica dei rilegatori… Comunque, non giudicare troppo."
Quest_35_4,You managed to get back your prayer book - now rebound and in a shiny fresh condition. This should help a lot in memorizing spells!,Sei riuscito a recuperare il tuo libro di preghiere… Ora è pulito e in condizioni perfette. Questo sicuramente ti aiuterà molto a memorizzare gli incantesimi!
Quest_36_1,Primal Kin,Discendenti Primordiali
Quest_36_2,Convince Nessan to teach you primal magic. If you're so inclined.,"Convinci Nessan a insegnarti la magia primordiale, se sei davvero interessato."
Quest_36_3,"You attuned to the primal Strings, proving yourself to Nessan. You are now a very newbie Druid - at least in her eyes.","Hai sintonizzato le antiche “Corde di Jor”, dimostrando così il tuo valore a Nessan. Ora sei un druido molto principiante… almeno ai suoi occhi."
Quest_36_4,You've saved a fungal-man on the Undercoast Path. This must certainly put you in alignment with nature.,Hai salvato un essere umano infestato da funghi sul Sentiero della Sottocosta… Questo sicuramente ti colloca in armonia con la natura.
Quest_36_5,Nessan has invited you to a recurring druidism meetup event. This is exactly what a 27 year old man needs to make more friends.,Nessan ti ha invitato a un evento di incontro regolare dedicato al druidismo. Proprio questo è ciò di cui ha bisogno un ventisettenne per fare più amici.
Quest_38_1,Crypt Keeper,custode della cripta
Quest_38_2,"There is a powerful spellcaster named Bondevol hiding down in the crypts.

<b>You must find him.</b>","C’è un potente incantatore di nome Bondevol nascosto nelle cripte.  

<Devi trovarlo.>"
Quest_38_3,"You had a lovely conversation with Bondevol, the demi-lich. He was only somewhat insane.","Hai avuto una piacevole conversazione con Bondevol, il demilich. Era solo un po’ pazzo…"
Quest_39_1,Lost Mines of Toul'Amon,Miniere Perdute di Toul’Amon
Quest_39_2,"A dwarf named Akzel is looking for a legendary lost mine, somewhere in the tunnel to the southwest. But the HWBT won't allow him passage. 

Find a symbol of the sun, or lack thereof 'the shrine', then report back to him to get a reward.","Un nano di nome Akzel sta cercando una leggendaria miniera perduta, da qualche parte nei tunnel a sud-ovest. Ma il “Guardiano del Passaggio” non gli permette di attraversare.

Devi trovare un simbolo del sole… o, al suo contrario, quel “tempio”… e poi riferirglielo per ricevere la ricompensa."
Quest_39_3,"You found an ancient cat-themed shrine, which gave you a poem.","Hai trovato un antico santuario a tema gatto, che ti ha donato una poesia."
Quest_39_4,Akzel realized he was looking in the wrong place. But the poem seemed to have given him a clue where to search next - he invites you to join him in a couple of months for a proper expedition.,Akzel si rese conto che stava cercando nel posto sbagliato. Ma quella poesia sembrava avergli fornito un indizio su dove proseguire le ricerche: gli invitava a unirsi a lui tra qualche mese per un’effettiva spedizione.
Quest_40_1,Philogynistic Agenda,Agenda Filoginista
Quest_40_2,Women. They're <i>everywhere</i>. Your worth as a man is based only on the admiration you get from them. Your goal? Get a date. A real date. Good luck.,Le donne… sono <i>ovunque</i>. Il tuo valore come uomo dipende unicamente dall’ammirazione che riesci a suscitare in loro. Il tuo obiettivo? Ottenere un appuntamento… un vero appuntamento. Buona fortuna.
Quest_40_3,"You managed to secure a promised date with Agent Viira, the handsome orc Freestrider! However, not until after the election. So no need to worry about that now.","Sei riuscito a fissare un appuntamento con l’agente Viira, quel bellissimo orco Cavalcatore Libero! Tuttavia, l’appuntamento avverrà solo dopo le elezioni… Quindi non c’è bisogno di preoccuparsene per ora."
Quest_40_4,"Somehow, you managed to convince the celestial warrior Ettir to go on a date with you, in a couple of weeks or so. Or at least, you think that's what happened. Maybe. Great job!","In qualche modo, sei riuscito a convincere il guerriero celeste Ettir ad uscire con te tra un paio di settimane… O almeno, è quello che pensi sia successo. Forse. Ottimo lavoro!"
Quest_40_5,"Moongore, the HWBT gardener/guardian, was charmed by a man in yellow. You must avenge her honor to prove your worth...","Moongore, la giardiniera/guardiana del HWBT, è stata incantata da un uomo in giallo. Dovete vendicare la sua onore per dimostrare il vostro valore…"
Quest_40_6,"You avenged Moongore's honor and gained her respect, as a man. She agreed to go on a 'sparring match' (basically a date?) after the election. Aren't you a lucky guy!","Hai vendicato l’onore di Moongore e hai guadagnato il suo rispetto, da vero uomo. Dopo l’elezione, lei ha accettato di partecipare a un “duello di allenamento”… che in realtà sembra più un appuntamento! Che fortuna!"
Quest_41_1,Essence of Inflorescence,Essenza dell’Infiorescenza
Quest_41_2,"Nearly the Minstrel is the owner of a glorious head-blossom. It must be yours.

<b>Get your hands on the Flower Crown.</b>","Quasi il Menestrello possiede un magnifico fiore che spunta dalla testa… Deve essere tuo.

<Prenditi la Corona di Fiori.>"
Quest_41_3,Nearly asked you to help her get an extension on her rent- from Lady Sageleaf. Uh-oh.,Quasi vi avevo chiesto di aiutarla a ottenere un rinnovo dell’affitto… da Lady Sageleaf. Uh-oh.
Quest_41_4,You got the flower crown. Now you can wear it and feel at peace with nature.,"Ora che hai ottenuto la corona di fiori, puoi indossarla e sentirti in armonia con la natura."
Quest_41_5,You got the rent extension for Nearly. She was very happy. Now you can have your flower crown in wonderful and good conscience.,"Hai ottenuto l’estensione del pagamento dell’affitto per Nearly. Era molto felice. Ora puoi indossare la tua corona di fiori, con la coscienza pulita e senza rimorsi."
Quest_42_1,Three Hundred Pieces,Trecento Pezzi
Quest_42_2,You encountered a corpse in the Lichhouse. It seems fresh and ready for Revivify. Though it'd cost quite a bit of money to bring him back- almost a month's rent!,"Hai trovato un cadavere nella Casa dei Ladri di Cadaveri. Sembra fresco e adatto per essere riportato in vita con il incantesimo Revivify. Tuttavia, richiederà una somma considerevole di denaro… quasi l’equivalente di un mese di affitto!"
Quest_42_3,"You managed to bring back the old man. He appeared mostly annoyed with you, then left without even giving you a thanks.",Sei riuscito a riportare indietro quell’uomo anziano. Sembrava piuttosto infastidito con te e se n’è andato senza nemmeno ringraziarti.
Quest_42_4,"Turns out, the man was Rollo and Arn's father. They were contacted by him, after his resurrection, but they broke off on their own.","Si scopre che quell’uomo era Rollo, il padre di Arn. Dopo la sua resurrezione, li ha contattati, ma loro hanno interrotto ogni rapporto da soli."
Quest_43_1,An Easy Riddle,Una domanda facile
Quest_43_2,"The drunk sphinx in the Drunk Sphinx has offered you another riddle: if you solve it, you will gain access to her vault. Are you up to the challenge?","La sfinge ubriaca del luogo chiamato “La Sfinge Ubriaca” vi ha proposto un altro enigma: se lo risolverete, otterrete accesso alla sua cassaforte. Siete pronti ad affrontare questa sfida?"
Quest_43_3,The sphinx hints that the only way to solve her riddle is to perform some type of action. Something beyond the scope of a simple <i>dialog</i>...,La sfinge suggerisce che l’unico modo per risolvere il suo enigma sia compiere un certo tipo di azione… Qualcosa che va al di là di un semplice <i>dialogo》…
Quest_43_4,"You unlocked the vault gate behind the sphinx. It was kind of easy, wasn't it? But now... what's inside?","Hai aperto la porta del caveau dietro la sfinge. È stato abbastanza facile, vero? Ma ora… cosa c’è all’interno?"
Quest_43_5,"You received the Deck of Many Things inside the vault. Interesting, huh? Maybe you should draw a card or two. Or maybe not.","Hai ricevuto il Mazzo delle Mille Cose all’interno della cassaforte… Interessante, vero? Forse dovresti tirare una o due carte… O forse no."
Quest_44_1,The Lost 6th Edition,La Sesta Edizione Perduta
Quest_44_2,"Sch. Snurre Appledent has tasked you with retrieving a rare copy of Cividix's <i>Book of the Mind</i>, which is supposedly found somewhere in the dungeons in  the City Below.","Il maestro Snurre Appledent vi ha incaricati di recuperare una copia rara del <i>Libro della Mente</i> di Cividix, che si dice si trovi da qualche parte nelle prigioni della Città Sotterranea."
Quest_44_3,You encountered the Living Library and retrieved this rare book from its shelves. It is a powerful magical tome- but Snurre will let you keep it. He just wants to copy the foreword.,Hai incontrato la “Biblioteca Vivente” e hai recuperato questo raro libro dalle sue scaffale. Si tratta di un potente tomo magico… ma Snurre ti permetterà di tenerlo. Vuole soltanto copiare la prefazione.
Quest_44_4,"As Snurre attempted to copy the foreword, the esoterically summoned spirit of Cividix himself became near corporeal. But you handled it. You got a bit possessed, but you handled it, allowing him to both copy the foreword and gain great insight into the secrets of Cividix.","Mentre Snurre cercava di copiare la prefazione, lo spirito di Cividix, evocato in modo esoterico, divenne quasi corporeo. Ma tu te la sei cavata… Sei stato un po’ “posseduto”, ma sei riuscito a gestire la situazione, permettendogli sia di copiare la prefazione sia di ottenere una profonda comprensione dei segreti di Cividix."
Quest_44_5,"As Snurre attempted to copy the foreword, the esoterically summoned spirit of Cividix himself became near corporeal, possessing Snurre in the process. He got exorcised in the end, and managed to both copy the foreword and gain great insight into the secrets of Cividix.","Mentre Snurre cercava di copiare la prefazione, lo spirito di Cividix, evocato in modo esoterico, divenne quasi corporeo, assumendo il controllo di Snurre nel processo. Alla fine fu esorcizzato, ma riuscì sia a copiare la prefazione che ad acquisire una profonda comprensione dei segreti di Cividix."
